CITY/COUNTRY,GENDER,AVERAGE INCOME
New Delhi,F,158.8062
New Delhi,M,337.463
USA,F,53760.0
USA,M,66564.33333333333
UK,F,28215.48
UK,M,37992.78
SINGAPORE,F,44653.82
SINGAPORE,M,56876.4
HONG KONG,F,23653.89
HONG KONG,M,33403.5
IND,F,236.60279999999997
IND,M,338.21759999999995
